host,mode,proto,attempts,outcomes
api.openai.com,direct_insecure_host,h1,2,exit=35/code=000/http=0 count=2
api.openai.com,direct_insecure_host,h2,2,exit=35/code=000/http=0 count=2
api.openai.com,direct_insecure_host,h3,2,exit=7/code=000/http=0 count=2
api.openai.com,direct_verified,h1,2,exit=35/code=000/http=0 count=2
api.openai.com,direct_verified,h2,2,exit=35/code=000/http=0 count=2
api.openai.com,direct_verified,h3,2,exit=7/code=000/http=0 count=2
api.openai.com,resolve_pin,h1,2,exit=0/code=401/http=1.1 count=2
api.openai.com,resolve_pin,h2,2,exit=0/code=401/http=2 count=2
api.openai.com,resolve_pin,h3,2,exit=0/code=401/http=3 count=2
